text,真实_labels,预测_labels,真实_体育,真实_科技,真实_财经,真实_教育,预测_体育,预测_科技,预测_财经,预测_教育
数据中心建设投资增加带动服务器企业订单增长,科技;财经,科技;财经,0,1,1,0,0,1,1,0
智能语音助手增加多轮对话理解功能,科技,体育;科技;财经,0,1,0,0,1,1,1,0
高校开展新生入学教育帮助学生适应大学生活,教育,教育,0,0,0,1,0,0,0,1
校园足球项目获得社会资金支持用于教练培训,体育;财经;教育,体育;财经;教育,1,0,1,1,1,0,1,1
职业学校开展电子商务运营和结算实训,财经;教育,教育,0,0,1,1,0,0,0,1
高校创新创业课程引入企业融资案例分析,财经;教育,科技;财经;教育,0,0,1,1,0,1,1,1
赛事经济推动酒店餐饮和交通消费增长,体育;财经,科技;财经,1,0,1,0,0,1,1,0
在线教育平台利用知识图谱为学生推荐个性化学习路径,科技;财经;教育,体育;科技;教育,0,1,1,1,1,1,0,1
数字教材平台通过云计算技术降低学校教学资源成本,科技;财经;教育,科技;财经;教育,0,1,1,1,0,1,1,1
足球俱乐部引入数据平台分析球员跑动距离,体育;科技,体育;科技;教育,1,1,0,0,1,1,0,1
职业球队票务改革改善主场经营状况,体育;财经,财经;教育,1,0,1,0,0,0,1,1
体育教育机构获得融资用于建设线上训练课程平台,体育;科技;财经;教育,体育;科技;财经;教育,1,1,1,1,1,1,1,1
学校体育社团获得社会捐赠改善训练条件,体育;财经;教育,体育;科技;财经;教育,1,0,1,1,1,1,1,1
青少年体适能课程帮助学生养成锻炼习惯,体育;教育,体育;科技;教育,1,0,0,1,1,1,0,1
体育用品品牌赞助大学生机器人竞赛提升市场影响力,体育;科技;财经;教育,体育;科技;财经,1,1,1,1,1,1,1,0
金融专业学生通过数据分析平台学习量化投资方法,科技;财经;教育,科技;财经;教育,0,1,1,1,0,1,1,1
篮球赛事门票销售火爆带动周边消费增长,体育;财经,体育;科技;财经,1,0,1,0,1,1,1,0
运动技能教学平台根据学生动作数据生成反馈,体育;科技;教育,体育;科技;教育,1,1,0,1,1,1,0,1
高校体育社团开展公益教学活动,体育;教育,体育;科技;教育,1,0,0,1,1,1,0,1
体育产业基金投资青少年培训项目,体育;财经,体育;财经;教育,1,0,1,0,1,0,1,1
大学生创业课程讲解商业计划书和融资流程,财经;教育,科技;财经;教育,0,0,1,1,0,1,1,1
无人机视觉算法提高复杂环境下的目标检测能力,科技,体育;科技;教育,0,1,0,0,1,1,0,1
高校体育学院建设运动大数据实验室服务教学改革,体育;科技;教育,体育;科技;财经;教育,1,1,0,1,1,1,1,1
互联网平台推出智能营销工具帮助中小企业降低成本,科技;财经,体育;科技;财经;教育,0,1,1,0,1,1,1,1
电竞赛事商业化运营吸引资本关注,体育;财经,体育;财经;教育,1,0,1,0,1,0,1,1
足球联赛转播权交易提高俱乐部商业收入,体育;财经,体育;科技;财经,1,0,1,0,1,1,1,0
校园体育文化节促进学生全面发展,体育;教育,体育;教育,1,0,0,1,1,0,0,1
冰雪旅游消费升温带动运动装备销售,体育;财经,体育;科技;财经,1,0,1,0,1,1,1,0
财经专业学生参加模拟投资竞赛提升实践能力,财经;教育,科技;教育,0,0,1,1,0,1,0,1
大型马拉松赛事通过数字平台销售周边产品并进行线上报名,体育;科技;财经,体育;科技;财经,1,1,1,0,1,1,1,0
校队在省运会足球项目中取得优异成绩,体育,体育;教育,1,0,0,0,1,0,0,1
大数据平台支持实时日志分析和异常检测,科技,科技;财经;教育,0,1,0,0,0,1,1,1
体育俱乐部商业赞助收入增长推动联赛市场价值提升,体育;财经,体育;科技;财经,1,0,1,0,1,1,1,0
大学体育学院组织学生参加裁判员培训,体育;教育,体育;教育,1,0,0,1,1,0,0,1
虚拟现实训练课程进入高校体育教学场景,体育;科技;教育,体育;科技;教育,1,1,0,1,1,1,0,1
中小学引入编程课程培养学生计算思维,科技;教育,体育;科技;教育,0,1,0,1,1,1,0,1
线上健身平台使用推荐算法提高用户留存和付费转化,体育;科技;财经,体育;科技;财经;教育,1,1,1,0,1,1,1,1
赛事数据服务公司为俱乐部提供商业分析报告,体育;科技;财经,体育;科技;财经;教育,1,1,1,0,1,1,1,1
青少年游泳培训机构通过课程套餐提高收入,体育;财经;教育,体育;财经;教育,1,0,1,1,1,0,1,1
体育教师研修班交流校园运动课程设计经验,体育;教育,体育;科技;教育,1,0,0,1,1,1,0,1
