sentence_id	char	gold_tag	pred_tag
1	毋	B	B
1	庸	M	E
1	讳	M	B
1	言	E	E
1	，	S	S
1	涉	B	B
1	企	E	E
1	谣	B	B
1	言	E	E
1	如	B	B
1	同	E	M
1	寄	B	M
1	生	E	E
1	在	S	S
1	市	B	B
1	场	E	E
1	肌	B	S
1	体	E	B
1	上	S	E
1	的	S	S
1	“	S	S
1	毒	B	B
1	瘤	E	E
1	”	S	S
1	，	S	S
1	不	B	B
1	仅	E	E
1	误	B	B
1	导	E	E
1	消	B	B
1	费	M	M
1	者	E	E
1	，	S	S
1	更	S	S
1	损	B	B
1	害	E	E
1	企	B	B
1	业	E	M
1	商	B	E
1	誉	E	S
1	，	S	S
1	让	S	S
1	企	B	B
1	业	E	E
1	蒙	B	B
1	受	E	E
1	不	B	B
1	白	M	M
1	之	M	M
1	冤	E	E
1	，	S	S
1	可	B	B
1	谓	E	E
1	不	B	B
1	胜	M	E
1	其	M	S
1	烦	E	S
1	、	S	S
1	不	B	B
1	堪	E	E
1	其	S	S
1	苦	S	S
1	。	S	S
2	A	B	B
2	I	E	E
2	红	B	B
2	包	E	E
2	大	S	B
2	战	S	E
2	之	S	B
2	热	S	E
2	，	S	S
2	令	B	B
2	人	E	E
2	不	B	B
2	禁	E	E
2	想	B	B
2	起	E	E
2	1	B	B
2	1	E	E
2	年	B	S
2	前	E	B
2	那	B	E
2	个	E	S
2	改	B	B
2	写	E	E
2	移	B	B
2	动	E	E
2	支	B	B
2	付	E	E
2	格	B	B
2	局	E	E
2	的	S	S
2	除	B	B
2	夕	M	E
2	之	M	B
2	夜	E	E
2	。	S	S
3	他	S	S
3	表	B	B
3	示	E	E
3	，	S	S
3	目	B	B
3	前	E	E
3	我	B	B
3	国	E	E
3	的	S	S
3	超	B	B
3	大	M	E
3	规	M	B
3	模	E	E
3	市	B	B
3	场	E	E
3	优	B	B
3	势	E	E
3	还	S	S
3	没	B	B
3	有	E	E
3	充	B	B
3	分	M	E
3	发	M	B
3	挥	E	E
3	出	B	B
3	来	E	E
3	，	S	S
3	扩	B	B
3	大	E	E
3	消	B	B
3	费	E	E
3	特	B	B
3	别	E	E
3	是	S	S
3	服	B	B
3	务	E	E
3	消	B	B
3	费	E	E
3	潜	B	B
3	力	E	E
3	巨	B	B
3	大	E	E
3	，	S	S
3	城	B	B
3	市	M	E
3	更	M	B
3	新	E	E
3	、	S	S
3	传	B	B
3	统	E	E
3	基	B	B
3	础	M	E
3	设	M	B
3	施	E	E
3	改	B	B
3	造	E	E
3	升	B	B
3	级	E	E
3	、	S	S
3	新	B	B
3	型	E	E
3	基	B	B
3	础	E	E
3	设	B	B
3	施	E	E
3	建	B	B
3	设	E	E
3	等	S	S
3	领	B	B
3	域	E	E
3	都	S	S
3	有	S	B
3	巨	B	M
3	大	E	E
3	的	S	S
3	投	B	B
3	资	E	E
3	空	B	B
3	间	E	E
3	。	S	S
4	人	B	B
4	民	M	M
4	网	E	E
4	留	B	B
4	言	E	M
4	板	S	E
4	，	S	S
4	成	B	B
4	为	E	E
4	连	B	B
4	接	E	E
4	党	B	B
4	委	M	E
4	政	M	B
4	府	E	E
4	与	S	S
4	各	B	B
4	族	M	E
4	群	M	B
4	众	E	E
4	的	S	S
4	“	S	S
4	连	B	B
4	心	M	E
4	桥	E	S
4	”	S	S
4	。	S	S
5	国	B	B
5	家	E	E
5	金	B	B
5	融	E	E
5	监	B	B
5	督	E	E
5	管	B	B
5	理	E	E
5	总	B	B
5	局	E	E
5	、	S	S
5	中	B	B
5	国	M	E
5	人	M	B
5	民	M	M
5	银	M	M
5	行	E	E
5	、	S	S
5	证	B	S
5	监	M	B
5	会	E	E
5	联	B	B
5	合	E	E
5	发	B	B
5	布	M	E
5	公	M	B
5	告	E	E
5	，	S	S
5	批	B	B
5	准	E	E
5	渣	B	S
5	打	M	B
5	银	M	M
5	行	E	E
5	、	S	S
5	汇	B	B
5	丰	M	M
5	银	M	M
5	行	E	E
5	、	S	S
5	花	B	B
5	旗	M	M
5	银	M	M
5	行	E	E
5	在	S	S
5	上	B	B
5	海	E	E
5	自	S	S
5	贸	S	B
5	试	B	M
5	验	M	M
5	区	E	E
5	设	B	B
5	立	E	E
5	全	B	B
5	资	E	E
5	证	B	B
5	券	M	E
5	公	M	B
5	司	E	E
5	。	S	S
6	提	B	B
6	前	E	E
6	1	B	B
6	2	E	M
6	小	B	M
6	时	E	E
6	预	B	B
6	报	E	E
6	到	S	B
6	县	S	E
6	、	S	S
6	提	B	B
6	前	E	M
6	6	S	E
6	小	B	B
6	时	E	E
6	和	S	S
6	2	S	B
6	小	B	E
6	时	E	S
6	预	B	B
6	报	E	E
6	到	S	S
6	乡	B	B
6	镇	M	M
6	村	E	E
6	，	S	S
6	让	S	S
6	基	B	B
6	层	M	M
6	干	M	M
6	部	E	M
6	能	S	E
6	第	B	S
6	一	M	S
6	时	M	B
6	间	E	E
6	组	B	B
6	织	E	E
6	群	B	B
6	众	E	E
6	转	B	B
6	移	E	E
6	。	S	S
7	台	B	B
7	北	M	E
7	市	E	B
7	长	S	E
7	蒋	S	B
7	万	B	E
7	安	E	B
7	1	B	M
7	5	E	E
7	日	S	S
7	受	B	B
7	访	E	E
7	时	S	S
7	表	B	B
7	示	E	E
7	，	S	S
7	赖	B	B
7	清	M	M
7	德	E	E
7	不	S	B
7	应	B	E
7	该	E	S
7	美	B	B
7	化	E	E
7	殖	B	B
7	民	M	E
7	主	M	B
7	义	E	E
7	，	S	S
7	一	B	S
7	再	E	S
7	撕	B	B
7	裂	E	E
7	台	B	B
7	湾	E	E
7	社	B	B
7	会	E	E
7	，	S	S
7	制	B	B
7	造	E	E
7	更	B	B
7	深	E	E
7	的	S	S
7	仇	B	B
7	恨	E	E
7	与	S	S
7	对	B	B
7	立	E	E
7	。	S	S
8	此	B	S
8	举	E	B
8	意	B	E
8	义	E	S
8	深	B	B
8	远	E	E
8	，	S	S
8	既	B	S
8	是	E	S
8	优	B	B
8	化	E	E
8	营	B	B
8	商	E	E
8	环	B	B
8	境	E	E
8	的	S	S
8	有	B	B
8	力	E	E
8	抓	B	S
8	手	E	S
8	，	S	S
8	也	S	S
8	是	S	S
8	维	B	B
8	护	E	E
8	公	B	B
8	平	M	E
8	竞	M	B
8	争	E	E
8	的	S	S
8	重	B	B
8	要	E	E
8	举	B	B
8	措	E	E
8	，	S	S
8	为	S	S
8	市	B	B
8	场	M	E
8	主	M	B
8	体	E	E
8	安	B	B
8	心	E	E
8	经	B	B
8	营	E	E
8	筑	S	S
8	牢	S	S
8	了	S	S
8	坚	B	B
8	实	E	E
8	的	S	S
8	网	B	B
8	络	E	E
8	防	B	B
8	线	E	E
8	。	S	S
9	”	S	S
9	中	B	B
9	新	M	E
9	社	E	B
9	北	B	M
9	京	E	M
9	3	B	M
9	月	E	E
9	1	B	B
9	5	E	E
9	日	B	B
9	电	E	E
9	据	S	S
9	中	B	B
9	国	M	M
9	国	M	E
9	防	M	B
9	部	E	E
9	网	B	B
9	站	E	E
9	消	B	B
9	息	E	E
9	，	S	S
9	3	B	B
9	月	E	E
9	中	B	B
9	旬	E	E
9	，	S	S
9	中	B	B
9	越	E	E
9	第	S	S
9	十	S	B
9	次	S	E
9	边	B	B
9	境	E	E
9	国	B	B
9	防	E	M
9	友	B	E
9	好	E	S
9	交	B	B
9	流	M	E
9	活	M	B
9	动	E	E
9	将	S	S
9	在	S	S
9	中	B	B
9	国	E	E
9	广	B	B
9	西	M	E
9	壮	M	B
9	族	M	E
9	自	M	B
9	治	M	E
9	区	E	S
9	、	S	S
9	越	B	B
9	南	E	E
9	广	B	B
9	宁	M	E
9	省	E	S
9	相	B	B
9	关	E	E
9	地	B	B
9	区	E	E
9	、	S	S
9	口	B	B
9	岸	E	E
9	及	S	S
9	北	B	B
9	部	M	M
9	湾	E	M
9	海	B	M
9	域	E	E
9	举	B	B
9	行	E	E
9	。	S	S
10	传	B	B
10	统	E	E
10	的	S	S
10	单	B	B
10	一	E	E
10	税	B	B
10	种	E	E
10	及	S	S
10	来	B	B
10	源	E	E
10	征	B	B
10	管	E	E
10	模	B	B
10	式	E	E
10	已	S	B
10	难	B	E
10	以	E	S
10	适	B	B
10	应	E	E
10	当	B	B
10	前	E	E
10	的	S	S
10	税	B	B
10	收	E	E
10	环	B	B
10	境	E	E
10	。	S	S
11	此	B	B
11	外	E	E
11	，	S	S
11	综	B	B
11	合	E	E
11	所	B	B
11	得	E	E
11	的	S	S
11	基	B	B
11	本	E	E
11	减	B	B
11	除	E	M
11	费	B	E
11	用	E	S
11	标	B	B
11	准	E	E
11	从	S	S
11	以	B	B
11	往	E	E
11	的	S	S
11	按	S	B
11	月	S	E
11	计	B	B
11	算	E	E
11	调	B	B
11	整	E	E
11	为	S	S
11	按	S	S
11	年	S	S
11	计	B	B
11	算	E	E
11	，	S	S
11	基	B	B
11	本	E	E
11	减	B	B
11	除	E	M
11	费	B	E
11	用	E	S
11	标	B	B
11	准	E	E
11	提	B	B
11	高	E	E
11	到	S	S
11	5	B	B
11	0	M	M
11	0	M	M
11	0	E	M
11	元	S	M
11	/	S	M
11	月	S	E
11	（	S	B
11	6	S	E
11	万	S	S
11	元	S	S
11	/	S	B
11	年	S	E
11	）	S	S
11	。	S	S
12	文	B	B
12	章	E	E
12	认	B	B
12	为	E	E
12	，	S	S
12	中	B	B
12	东	E	E
12	冲	B	B
12	突	E	E
12	升	B	B
12	级	E	E
12	加	B	B
12	剧	E	E
12	了	S	S
12	对	S	B
12	本	S	E
12	已	B	S
12	不	E	S
12	确	B	B
12	定	E	E
12	的	S	S
12	全	B	B
12	球	E	E
12	经	B	B
12	济	E	E
12	造	B	B
12	成	E	E
12	的	S	S
12	损	B	B
12	害	E	E
12	。	S	S
13	涉	B	B
13	企	E	E
13	网	B	B
13	络	E	E
13	辟	B	B
13	谣	E	E
13	专	B	B
13	区	E	E
13	不	B	B
13	能	E	M
13	止	B	E
13	步	E	B
13	于	S	E
13	“	S	S
13	辟	S	S
13	”	S	S
13	，	S	S
13	还	B	B
13	要	E	E
13	在	S	S
13	“	S	S
13	用	S	S
13	”	S	S
13	上	S	S
13	做	S	B
13	足	S	E
13	文	B	B
13	章	E	E
13	。	S	S
14	伊	B	B
14	朗	E	E
14	2	B	B
14	1	E	E
14	日	S	S
14	对	S	S
14	以	B	B
14	色	M	M
14	列	E	E
14	南	B	B
14	部	E	E
14	多	S	B
14	座	S	E
14	城	B	B
14	市	E	E
14	发	B	B
14	动	E	E
14	空	B	B
14	袭	E	E
14	，	S	S
14	以	S	S
14	防	B	B
14	空	E	M
14	系	B	M
14	统	E	E
14	未	B	B
14	能	E	E
14	拦	B	B
14	截	E	E
14	至	B	B
14	少	E	E
14	两	S	S
14	枚	S	S
14	弹	B	B
14	道	M	E
14	导	M	B
14	弹	E	E
14	。	S	S
15	我	B	B
15	们	E	E
15	希	B	B
15	望	E	E
15	有	B	B
15	关	E	E
15	地	B	B
15	区	E	E
15	国	B	B
15	家	E	E
15	顺	B	B
15	应	E	E
15	历	B	B
15	史	E	E
15	大	B	B
15	势	E	E
15	和	S	S
15	时	B	B
15	代	E	M
15	潮	B	M
15	流	E	E
15	，	S	S
15	早	B	B
15	日	E	E
15	作	B	B
15	出	E	E
15	真	B	B
15	正	E	E
15	符	B	B
15	合	E	E
15	本	B	B
15	国	E	E
15	人	B	B
15	民	E	E
15	根	B	B
15	本	E	E
15	和	S	S
15	长	B	B
15	远	M	E
15	利	M	B
15	益	E	E
15	的	S	S
15	正	B	S
15	确	E	B
15	选	B	M
15	择	E	E
15	。	S	S
16	公	B	B
16	安	M	E
16	部	E	S
16	部	B	B
16	长	E	E
16	王	B	B
16	小	M	E
16	洪	E	S
16	、	S	S
16	国	B	B
16	家	M	E
16	安	M	B
16	全	M	E
16	部	E	S
16	部	B	B
16	长	E	E
16	陈	B	S
16	一	M	B
16	新	E	E
16	、	S	S
16	司	B	B
16	法	M	E
16	部	E	B
16	部	B	E
16	长	E	B
16	贺	B	M
16	荣	E	E
16	在	S	S
16	天	B	B
16	津	E	E
16	召	B	B
16	开	E	E
16	全	B	B
16	国	E	E
16	政	B	B
16	法	E	E
16	工	B	B
16	作	E	E
16	会	B	B
16	议	E	E
16	，	S	S
16	天	B	B
16	津	M	M
16	市	E	E
16	市	B	B
16	委	M	E
16	书	M	B
16	记	E	E
16	陈	B	S
16	敏	M	B
16	尔	E	E
16	、	S	S
16	市	B	B
16	长	E	E
16	张	S	B
16	工	B	M
16	作	M	E
16	汇	M	B
16	报	E	E
16	。	S	S
17	正	B	S
17	如	E	B
17	习	B	E
17	近	M	B
17	平	E	E
17	总	B	B
17	书	M	M
17	记	E	E
17	在	S	S
17	参	B	B
17	加	E	M
17	江	B	E
17	苏	E	B
17	代	B	E
17	表	M	B
17	团	E	E
17	审	B	B
17	议	E	E
17	时	S	B
17	所	B	E
17	说	E	S
17	的	S	S
17	，	S	S
17	“	S	S
17	要	S	S
17	准	B	B
17	确	E	E
17	把	B	B
17	握	E	E
17	新	B	S
17	形	M	B
17	势	M	E
17	下	E	S
17	人	B	B
17	民	E	E
17	群	B	B
17	众	E	E
17	对	S	S
17	美	B	B
17	好	M	E
17	生	M	B
17	活	E	E
17	新	S	B
17	期	B	E
17	待	E	S
17	和	S	S
17	民	B	B
17	生	E	E
17	工	B	B
17	作	E	E
17	新	S	S
17	特	B	B
17	点	E	E
17	”	S	S
17	。	S	S
18	第	S	B
18	四	S	E
18	，	S	S
18	高	B	B
18	收	M	M
18	入	E	E
18	个	B	B
18	人	E	E
18	税	B	B
18	收	E	E
18	流	B	B
18	失	E	E
18	的	S	S
18	差	B	B
18	异	E	E
18	贡	B	B
18	献	M	M
18	率	E	E
18	较	B	B
18	为	E	E
18	集	B	B
18	中	E	E
18	，	S	S
18	财	B	B
18	产	E	E
18	转	B	S
18	让	E	S
18	所	B	B
18	得	M	M
18	税	E	E
18	和	S	S
18	财	B	B
18	产	E	E
18	租	B	B
18	赁	E	E
18	所	B	B
18	得	M	E
18	税	E	B
18	是	S	E
18	税	B	B
18	收	E	M
18	治	B	M
18	理	E	E
18	的	S	S
18	未	B	B
18	来	E	E
18	重	B	B
18	点	E	E
18	。	S	S
19	叶	B	B
19	永	M	M
19	青	E	E
19	判	B	B
19	断	E	E
19	，	S	S
19	2	B	B
19	0	M	E
19	2	M	B
19	6	E	E
19	年	S	S
19	乃	B	B
19	至	E	E
19	未	B	B
19	来	E	E
19	五	S	S
19	年	S	S
19	的	S	S
19	个	B	B
19	税	E	E
19	改	B	B
19	革	E	E
19	将	S	S
19	呈	B	B
19	现	E	E
19	五	B	S
19	大	E	B
19	趋	B	M
19	势	E	E
19	：	S	S
19	一	S	B
19	是	S	E
19	扩	B	B
19	大	E	E
19	综	B	B
19	合	E	E
19	所	B	B
19	得	E	E
19	征	B	B
19	税	E	E
19	范	B	B
19	围	E	E
19	，	S	S
19	逐	B	B
19	步	E	E
19	将	S	S
19	经	B	B
19	营	E	E
19	所	B	B
19	得	E	E
19	、	S	S
19	财	B	B
19	产	E	E
19	转	B	S
19	让	E	S
19	所	B	B
19	得	E	E
19	等	S	S
19	纳	B	B
19	入	E	E
19	；	S	S
20	国	B	B
20	际	E	E
20	经	B	B
20	验	E	E
20	证	B	B
20	明	E	E
20	，	S	S
20	能	B	B
20	否	E	E
20	形	B	B
20	成	E	E
20	合	B	B
20	理	E	E
20	的	S	S
20	中	B	S
20	等	E	S
20	收	B	B
20	入	E	E
20	群	B	B
20	体	E	E
20	规	B	B
20	模	E	E
20	、	S	S
20	实	B	B
20	现	E	E
20	居	B	B
20	民	M	E
20	收	M	B
20	入	E	E
20	水	B	B
20	平	E	E
20	与	S	S
20	经	B	B
20	济	M	E
20	发	M	B
20	展	E	E
20	水	B	B
20	平	E	E
20	同	B	B
20	步	E	E
20	提	B	B
20	升	E	E
20	，	S	S
20	关	B	B
20	系	M	E
20	到	E	S
20	社	B	B
20	会	E	E
20	结	B	B
20	构	E	E
20	的	S	S
20	稳	B	B
20	定	M	M
20	性	E	E
20	与	S	S
20	长	B	B
20	远	E	E
20	发	B	B
20	展	E	E
20	的	S	S
20	后	B	B
20	劲	E	E
20	。	S	S
21	家	B	B
21	庭	E	E
21	申	B	B
21	报	E	E
21	可	S	B
21	结	B	M
21	合	E	M
21	育	B	E
21	儿	E	S
21	需	B	B
21	求	E	E
21	，	S	S
21	按	S	S
21	家	B	B
21	庭	E	E
21	内	S	S
21	人	B	B
21	均	M	E
21	收	M	B
21	入	E	E
21	差	B	B
21	异	E	M
21	设	B	E
21	置	E	S
21	扣	B	B
21	除	E	E
21	标	B	B
21	准	E	E
21	，	S	S
21	这	S	S
21	是	S	S
21	未	B	B
21	来	E	E
21	改	B	B
21	革	E	E
21	的	S	S
21	重	B	B
21	要	E	E
21	方	B	B
21	向	E	E
21	，	S	S
21	但	S	S
21	当	B	B
21	前	E	E
21	应	B	B
21	先	E	E
21	完	B	B
21	善	E	E
21	现	B	B
21	有	E	E
21	税	B	B
21	制	E	E
21	体	B	B
21	系	E	E
21	，	S	S
21	再	S	S
21	逐	B	B
21	步	M	E
21	推	M	B
21	进	E	E
21	家	B	B
21	庭	E	E
21	申	B	B
21	报	E	E
21	制	B	B
21	度	E	E
21	。	S	S
22	这	B	B
22	些	E	E
22	年	S	S
22	，	S	S
22	村	B	B
22	里	E	E
22	不	B	B
22	仅	E	E
22	通	B	B
22	过	E	E
22	引	B	B
22	进	E	M
22	品	B	E
22	牌	E	B
22	商	B	E
22	铺	E	S
22	、	S	S
22	开	B	B
22	发	E	M
22	商	B	M
22	业	E	M
22	用	B	E
22	地	E	B
22	产	B	M
22	生	E	E
22	收	B	B
22	益	E	E
22	分	B	B
22	红	E	E
22	，	S	S
22	还	S	S
22	把	S	S
22	一	B	B
22	半	E	M
22	收	B	M
22	入	E	E
22	用	B	B
22	于	E	E
22	建	S	B
22	公	B	M
22	园	E	E
22	、	S	S
22	养	B	B
22	老	E	E
22	服	B	B
22	务	M	E
22	中	M	B
22	心	E	E
22	等	S	S
22	民	B	B
22	生	E	E
22	项	B	B
22	目	E	E
22	，	S	S
22	成	B	B
22	为	E	E
22	优	B	B
22	化	E	E
22	收	B	B
22	入	E	E
22	分	B	B
22	配	E	E
22	的	S	S
22	生	B	B
22	动	E	E
22	实	B	B
22	践	E	E
22	。	S	S
23	声	B	B
23	明	E	E
23	说	S	S
23	，	S	S
23	沙	B	B
23	特	E	E
23	谴	B	B
23	责	E	E
23	伊	B	B
23	朗	E	E
23	对	S	S
23	沙	B	B
23	特	E	E
23	等	S	S
23	地	B	B
23	区	E	E
23	国	B	B
23	家	E	E
23	的	S	S
23	袭	B	B
23	击	E	E
23	，	S	S
23	“	S	S
23	将	S	S
23	毫	B	S
23	不	M	B
23	犹	M	E
23	豫	E	B
23	地	S	E
23	采	B	B
23	取	E	E
23	一	B	B
23	切	E	E
23	必	B	B
23	要	M	E
23	措	M	B
23	施	E	E
23	，	S	S
23	维	B	B
23	护	E	E
23	主	B	B
23	权	E	E
23	，	S	S
23	保	B	B
23	障	E	E
23	国	B	B
23	家	E	E
23	安	B	B
23	全	E	E
23	”	S	S
23	。	S	S
24	子	B	B
24	女	M	E
24	教	M	B
24	育	E	E
24	、	S	S
24	继	B	B
24	续	M	E
24	教	M	B
24	育	E	E
24	、	S	S
24	大	B	B
24	病	E	E
24	医	B	B
24	疗	E	E
24	、	S	S
24	住	B	B
24	房	E	E
24	房	B	B
24	屋	M	M
24	贷	M	M
24	款	E	E
24	或	B	S
24	者	E	S
24	住	B	B
24	房	E	E
24	租	B	B
24	金	E	E
24	、	S	S
24	赡	B	B
24	养	E	E
24	老	B	B
24	人	E	E
24	的	S	S
24	支	B	B
24	出	E	E
24	，	S	S
24	纳	B	B
24	入	E	E
24	专	B	B
24	项	E	E
24	附	B	B
24	加	E	E
24	扣	B	B
24	除	E	E
24	范	B	B
24	围	E	E
24	。	S	S
25	李	B	B
25	华	E	E
25	说	S	S
25	，	S	S
25	个	B	B
25	税	E	E
25	要	S	S
25	发	B	B
25	挥	E	E
25	调	B	B
25	节	M	E
25	作	M	B
25	用	E	E
25	，	S	S
25	需	B	B
25	要	E	E
25	通	B	B
25	过	E	E
25	扩	S	B
25	中	S	E
25	、	S	S
25	提	S	B
25	低	S	E
25	、	S	S
25	限	B	B
25	高	E	E
25	展	B	B
25	开	E	E
25	。	S	S
26	当	B	B
26	地	E	E
26	时	B	B
26	间	E	E
26	1	B	B
26	4	E	E
26	日	S	S
26	1	B	B
26	8	E	E
26	时	S	S
26	1	B	B
26	0	E	M
26	分	S	E
26	左	B	B
26	右	E	E
26	，	S	S
26	韩	B	B
26	国	E	E
26	首	B	B
26	尔	E	M
26	市	B	E
26	中	M	B
26	心	E	E
26	明	B	B
26	洞	E	E
26	地	B	B
26	区	E	E
26	，	S	S
26	一	S	B
26	栋	S	M
26	7	S	M
26	层	S	M
26	建	B	E
26	筑	E	B
26	内	S	E
26	的	S	S
26	旅	B	B
26	馆	E	E
26	起	B	B
26	火	E	E
26	，	S	S
26	火	B	B
26	灾	E	E
26	在	S	S
26	2	B	B
26	1	E	E
26	时	S	S
26	3	B	B
26	5	E	E
26	分	S	B
26	左	B	M
26	右	E	E
26	被	S	S
26	安	B	B
26	全	E	E
26	扑	B	B
26	灭	E	E
26	。	S	S
27	在	S	S
27	孟	B	S
27	加	M	B
27	拉	M	M
27	国	E	E
27	首	B	B
27	都	E	E
27	达	B	S
27	卡	E	S
27	，	S	S
27	当	B	S
27	地	M	B
27	人	E	E
27	每	B	S
27	天	E	B
27	要	S	E
27	在	S	S
27	加	B	B
27	油	M	M
27	站	E	E
27	排	B	B
27	队	E	E
27	几	S	S
27	小	B	B
27	时	E	E
27	，	S	S
27	才	B	B
27	能	E	E
27	给	S	S
27	摩	B	S
27	托	M	B
27	车	E	E
27	加	B	B
27	上	E	E
27	政	B	B
27	府	E	E
27	限	B	B
27	量	M	E
27	供	M	B
27	应	E	E
27	的	S	S
27	汽	B	B
27	油	E	E
27	。	S	S
28	蒋	B	B
28	斌	E	E
28	说	S	S
28	，	S	S
28	我	B	B
28	们	E	E
28	正	B	B
28	告	E	E
28	日	B	B
28	方	E	E
28	，	S	S
28	穷	B	B
28	兵	M	E
28	黩	M	B
28	武	E	E
28	的	S	S
28	老	B	B
28	路	E	E
28	是	S	S
28	自	B	B
28	取	M	E
28	灭	M	B
28	亡	E	E
28	的	S	S
28	不	S	B
28	归	B	M
28	路	E	E
28	。	S	S
29	“	S	S
29	撒	S	B
29	钱	S	E
29	”	S	S
29	换	B	B
29	来	E	E
29	的	S	S
29	流	B	B
29	量	E	E
29	难	B	S
29	以	M	B
29	为	M	E
29	继	E	S
29	，	S	S
29	最	B	B
29	终	E	E
29	决	B	B
29	定	E	E
29	去	B	B
29	留	E	E
29	的	S	S
29	，	S	S
29	是	S	S
29	产	B	B
29	品	E	M
29	本	B	E
29	身	E	B
29	能	B	E
29	否	E	S
29	满	B	B
29	足	E	E
29	真	B	B
29	实	E	E
29	需	B	B
29	求	E	E
29	、	S	S
29	创	B	B
29	造	E	E
29	实	B	B
29	际	E	E
29	价	B	B
29	值	E	E
29	。	S	S
30	叶	B	B
30	永	M	M
30	青	E	E
30	认	B	B
30	为	E	E
30	，	S	S
30	与	S	S
30	增	B	B
30	值	M	E
30	税	E	S
30	、	S	S
30	企	B	B
30	业	M	E
30	所	M	B
30	得	M	E
30	税	E	B
30	相	B	E
30	比	E	S
30	，	S	S
30	个	B	B
30	税	E	E
30	在	S	S
30	财	B	B
30	政	M	M
30	收	M	M
30	入	E	E
30	规	B	B
30	模	E	E
30	上	S	S
30	仍	S	S
30	较	B	B
30	为	E	E
30	有	B	B
30	限	E	E
30	，	S	S
30	占	S	S
30	税	B	B
30	收	E	E
30	总	B	B
30	额	E	E
30	约	S	S
30	9	S	S
30	%	S	S
30	左	B	B
30	右	E	E
30	，	S	S
30	远	S	S
30	低	B	B
30	于	E	E
30	O	B	S
30	E	M	B
30	C	M	E
30	D	E	S
30	国	B	B
30	家	E	E
30	（	S	S
30	经	B	B
30	济	M	E
30	合	M	B
30	作	M	E
30	与	M	S
30	发	M	B
30	展	M	E
30	组	M	B
30	织	E	E
30	）	S	S
30	平	B	B
30	均	E	E
30	约	S	S
30	2	B	B
30	7	E	E
30	%	S	S
30	的	S	S
30	水	B	B
30	平	E	E
30	。	S	S
31	此	B	B
31	次	E	E
31	地	B	B
31	震	E	E
31	震	B	B
31	源	E	E
31	深	B	B
31	度	E	E
31	为	S	S
31	2	B	B
31	3	M	M
31	.	M	M
31	2	E	M
31	公	B	M
31	里	E	E
31	，	S	S
31	震	B	B
31	中	E	E
31	位	B	B
31	于	E	E
31	宜	B	B
31	兰	M	M
31	县	E	E
31	政	B	B
31	府	E	E
31	东	B	B
31	南	E	E
31	方	B	B
31	向	E	E
31	4	B	S
31	9	M	B
31	.	M	M
31	6	E	E
31	公	B	B
31	里	E	E
31	的	S	S
31	近	B	B
31	海	E	E
31	。	S	S
32	他	S	S
32	表	B	B
32	示	E	E
32	，	S	S
32	如	B	B
32	今	E	E
32	明	B	B
32	确	E	E
32	部	B	B
32	署	E	E
32	远	B	B
32	程	E	M
32	进	B	E
32	攻	M	B
32	性	E	E
32	武	B	B
32	器	E	E
32	，	S	S
32	射	B	B
32	程	M	E
32	远	E	S
32	超	S	S
32	日	B	B
32	本	E	E
32	领	B	B
32	土	E	E
32	范	B	B
32	围	E	E
32	，	S	S
32	充	B	B
32	分	M	E
32	证	M	B
32	明	E	E
32	日	B	B
32	本	E	E
32	“	S	S
32	新	B	B
32	型	E	E
32	军	B	B
32	国	M	E
32	主	M	B
32	义	E	E
32	”	S	S
32	已	B	S
32	不	E	B
32	只	B	E
32	是	E	S
32	危	B	B
32	险	E	E
32	苗	B	B
32	头	E	E
32	，	S	S
32	而	B	S
32	是	E	S
32	赤	B	S
32	裸	M	B
32	裸	E	E
32	的	S	S
32	现	B	B
32	实	E	E
32	威	B	B
32	胁	E	E
32	，	S	S
32	是	S	S
32	对	S	S
32	地	B	B
32	区	E	E
32	和	B	B
32	平	E	E
32	安	B	B
32	全	E	E
32	的	S	S
32	严	B	B
32	重	M	E
32	破	M	B
32	坏	E	E
32	。	S	S
33	因	B	B
33	此	E	E
33	，	S	S
33	必	B	B
33	须	E	E
33	对	S	S
33	恶	B	B
33	意	E	E
33	造	B	B
33	谣	E	E
33	、	S	S
33	蓄	B	B
33	意	E	M
33	抹	B	M
33	黑	E	M
33	者	S	E
33	形	B	B
33	成	E	E
33	法	B	B
33	律	E	M
33	震	B	E
33	慑	E	S
33	。	S	S
34	未	B	B
34	来	E	E
34	，	S	S
34	一	S	B
34	是	S	E
34	要	S	S
34	将	S	S
34	高	B	B
34	净	M	M
34	值	E	E
34	人	B	B
34	群	E	E
34	的	S	S
34	资	B	B
34	本	E	E
34	所	B	B
34	得	E	E
34	纳	B	B
34	入	E	E
34	更	S	S
34	严	B	B
34	格	E	E
34	征	B	B
34	管	E	E
34	，	S	S
34	强	B	B
34	化	E	E
34	境	B	B
34	外	E	E
34	所	B	B
34	得	E	E
34	C	B	S
34	R	M	B
34	S	E	E
34	申	B	B
34	报	E	E
34	、	S	S
34	股	B	B
34	权	E	E
34	转	B	S
34	让	E	S
34	税	B	B
34	收	E	E
34	监	B	B
34	管	E	E
34	，	S	S
34	使	S	S
34	高	B	B
34	收	M	M
34	入	E	E
34	群	B	B
34	体	E	E
34	“	S	S
34	多	B	S
34	渠	M	B
34	道	E	E
34	收	B	B
34	入	E	E
34	”	S	S
34	的	S	S
34	综	B	B
34	合	E	M
34	税	B	E
34	负	E	B
34	趋	B	M
34	于	E	E
34	合	B	B
34	理	E	E
34	；	S	S
35	从	S	S
35	中	B	B
35	期	E	E
35	（	S	S
35	及	S	S
35	更	B	B
35	长	E	E
35	周	B	B
35	期	E	E
35	）	S	S
35	看	S	S
35	，	S	S
35	随	B	B
35	着	E	E
35	居	B	B
35	民	M	E
35	收	M	B
35	入	E	E
35	增	B	B
35	长	E	E
35	和	S	S
35	税	B	B
35	制	E	E
35	结	B	B
35	构	E	E
35	优	B	B
35	化	E	E
35	，	S	S
35	个	B	B
35	税	E	E
35	的	S	S
35	职	B	B
35	能	E	E
35	将	S	S
35	向	S	S
35	“	S	S
35	收	B	B
35	入	E	E
35	分	B	B
35	配	E	E
35	调	B	B
35	节	E	E
35	+	S	S
35	财	B	B
35	政	E	E
35	筹	B	B
35	资	E	E
35	”	S	S
35	双	S	B
35	轮	S	E
35	驱	B	B
35	动	E	E
35	升	B	B
35	级	E	E
35	。	S	S
36	他	S	S
36	赞	B	B
36	同	E	E
36	黎	B	B
36	巴	M	M
36	嫩	M	E
36	政	M	B
36	府	E	E
36	去	B	S
36	年	E	S
36	8	B	B
36	月	E	E
36	作	B	B
36	出	E	E
36	推	B	B
36	动	E	E
36	武	B	B
36	器	E	E
36	“	S	S
36	专	B	B
36	属	E	M
36	管	B	E
36	控	E	B
36	权	S	E
36	”	S	S
36	的	S	S
36	决	B	B
36	定	E	E
36	，	S	S
36	强	B	B
36	调	E	E
36	黎	B	B
36	巴	M	M
36	嫩	M	E
36	真	M	S
36	主	M	B
36	党	E	E
36	必	B	B
36	须	E	E
36	遵	B	B
36	守	E	E
36	该	S	S
36	决	B	B
36	定	E	E
36	及	S	S
36	联	B	B
36	合	M	M
36	国	M	E
36	安	M	B
36	理	M	E
36	会	E	S
36	相	B	B
36	关	E	E
36	决	B	B
36	议	E	E
36	。	S	S
37	伊	B	B
37	方	E	E
37	称	S	S
37	，	S	S
37	调	B	B
37	查	E	E
37	显	B	B
37	示	E	E
37	，	S	S
37	这	B	B
37	些	E	E
37	嫌	B	B
37	疑	M	E
37	人	E	S
37	长	B	B
37	期	E	E
37	从	B	B
37	事	E	E
37	损	B	B
37	害	E	E
37	伊	B	B
37	朗	E	E
37	国	B	B
37	家	E	E
37	安	B	B
37	全	E	E
37	的	S	S
37	活	B	B
37	动	E	E
37	，	S	S
37	主	B	B
37	要	E	E
37	包	B	B
37	括	E	E
37	收	B	B
37	集	E	E
37	并	S	B
37	向	S	E
37	以	B	B
37	色	M	M
37	列	E	E
37	方	B	B
37	面	E	E
37	发	B	B
37	送	E	E
37	伊	B	B
37	朗	E	E
37	军	B	B
37	事	E	E
37	、	S	S
37	警	B	B
37	务	E	E
37	及	S	S
37	安	B	B
37	全	E	E
37	设	B	B
37	施	E	E
37	的	S	S
37	详	B	B
37	细	E	E
37	地	B	B
37	理	M	E
37	坐	M	B
37	标	E	E
37	和	S	S
37	相	B	B
37	关	E	E
37	参	B	B
37	数	E	E
37	。	S	S
38	蒋	B	B
38	斌	E	E
38	回	B	B
38	答	E	E
38	相	B	B
38	关	E	E
38	提	B	B
38	问	E	E
38	时	S	B
38	作	S	E
38	上	B	B
38	述	E	E
38	表	B	B
38	示	E	E
38	。	S	S
39	蒋	B	B
39	斌	E	E
39	指	B	B
39	出	E	E
39	，	S	S
39	美	B	B
39	国	E	E
39	和	S	S
39	以	B	B
39	色	M	M
39	列	E	E
39	未	B	B
39	经	E	E
39	安	B	B
39	理	M	E
39	会	E	S
39	授	B	B
39	权	E	E
39	，	S	S
39	在	S	S
39	伊	B	B
39	美	E	E
39	谈	B	B
39	判	E	E
39	进	B	B
39	程	E	E
39	中	S	B
39	对	S	E
39	伊	B	B
39	朗	E	E
39	发	B	B
39	动	E	E
39	军	B	B
39	事	E	E
39	打	B	B
39	击	E	E
39	，	S	S
39	严	B	B
39	重	E	E
39	违	B	S
39	反	E	B
39	国	B	M
39	际	M	M
39	法	E	E
39	和	S	S
39	国	B	B
39	际	M	E
39	关	M	B
39	系	E	E
39	基	B	B
39	本	M	E
39	准	M	B
39	则	E	E
39	。	S	S
40	应	B	B
40	用	E	E
40	层	B	B
40	面	E	E
40	的	S	S
40	热	B	B
40	闹	E	E
40	，	S	S
40	不	B	B
40	能	E	E
40	掩	B	B
40	盖	E	E
40	基	B	B
40	础	E	M
40	层	B	M
40	面	E	E
40	的	S	S
40	短	B	B
40	板	E	E
40	；	S	S
41	台	B	B
41	湾	E	E
41	大	S	B
41	高	B	E
41	雄	E	B
41	里	B	M
41	长	E	E
41	交	B	B
41	流	E	E
41	协	B	B
41	会	E	E
41	总	B	B
41	干	M	M
41	事	E	E
41	黄	B	B
41	愈	M	E
41	丰	E	B
41	对	S	E
41	中	B	B
41	新	M	M
41	网	E	E
41	“	S	S
41	燕	B	B
41	新	M	M
41	台	E	E
41	”	S	S
41	工	B	B
41	作	M	M
41	室	E	E
41	表	B	B
41	示	E	E
41	，	S	S
41	回	B	B
41	顾	M	E
41	历	M	B
41	史	E	E
41	，	S	S
41	有	S	B
41	许	B	E
41	许	M	B
41	多	M	E
41	多	E	S
41	台	B	B
41	湾	E	M
41	青	B	E
41	年	E	S
41	回	B	B
41	到	E	E
41	祖	B	B
41	国	E	E
41	怀	B	B
41	抱	E	E
41	投	B	B
41	身	E	E
41	抗	B	B
41	战	E	E
41	。	S	S
42	当	B	B
42	前	E	E
42	，	S	S
42	我	B	B
42	国	E	E
42	中	B	S
42	等	E	S
42	收	B	B
42	入	E	E
42	群	B	B
42	体	E	E
42	规	B	B
42	模	E	E
42	已	S	S
42	超	B	B
42	过	E	E
42	4	S	S
42	亿	S	B
42	人	S	E
42	，	S	S
42	未	B	B
42	来	E	E
42	1	B	B
42	0	E	M
42	多	B	E
42	年	E	S
42	有	B	B
42	望	E	E
42	超	B	B
42	过	E	E
42	8	S	B
42	亿	S	E
42	人	S	S
42	。	S	S
43	同	B	B
43	样	E	E
43	，	S	S
43	云	B	B
43	南	E	E
43	小	B	B
43	粒	E	E
43	咖	B	B
43	啡	E	E
43	、	S	S
43	蓝	B	B
43	莓	E	E
43	、	S	S
43	牛	B	B
43	油	M	M
43	果	E	E
43	、	S	S
43	中	B	B
43	药	M	E
43	材	E	S
43	等	S	S
43	特	B	B
43	色	M	M
43	产	M	M
43	业	E	E
43	，	S	S
43	借	B	B
43	助	E	E
43	“	S	S
43	云	B	B
43	南	E	E
43	美	B	B
43	好	M	E
43	生	M	B
43	活	E	E
43	”	S	S
43	等	S	S
43	直	B	B
43	播	E	E
43	助	S	B
43	农	S	E
43	活	B	B
43	动	E	E
43	，	S	S
43	去	B	S
43	年	E	S
43	农	B	B
43	产	M	M
43	品	E	E
43	网	B	B
43	络	E	E
43	销	B	S
43	售	M	B
43	额	E	E
43	已	B	B
43	经	E	E
43	超	S	B
43	7	B	M
43	0	M	M
43	0	E	M
43	亿	S	E
43	元	S	S
43	。	S	S
44	继	B	B
44	续	E	E
44	实	B	B
44	施	E	E
44	学	B	B
44	前	E	E
44	一	S	B
44	年	S	E
44	免	B	B
44	费	E	E
44	教	B	B
44	育	E	E
44	政	B	B
44	策	E	E
44	；	S	S
45	看	S	S
45	成	B	B
45	绩	E	E
45	，	S	S
45	更	S	B
45	要	S	E
45	看	S	S
45	成	B	B
45	色	E	E
45	、	S	S
45	找	S	S
45	差	B	B
45	距	E	E
45	、	S	S
45	补	S	S
45	短	B	B
45	板	E	E
45	。	S	S
46	作	B	B
46	为	E	E
46	对	S	S
46	个	B	B
46	人	M	E
46	所	M	B
46	得	E	E
46	直	B	B
46	接	E	E
46	征	B	B
46	税	E	E
46	的	S	S
46	税	B	B
46	种	E	E
46	，	S	S
46	个	B	B
46	税	E	E
46	中	B	S
46	的	E	S
46	综	B	B
46	合	E	E
46	所	B	B
46	得	E	E
46	通	B	B
46	过	E	E
46	累	B	B
46	进	M	E
46	税	M	B
46	率	E	E
46	结	B	B
46	构	E	E
46	（	S	S
46	综	B	B
46	合	E	E
46	所	B	B
46	得	E	E
46	最	B	B
46	高	E	E
46	边	B	B
46	际	E	E
46	税	B	B
46	率	E	E
46	4	B	B
46	5	E	E
46	%	S	S
46	）	S	S
46	具	B	B
46	有	E	E
46	明	B	B
46	显	E	E
46	的	S	S
46	再	S	S
46	分	B	B
46	配	E	E
46	效	B	B
46	应	E	E
46	。	S	S
47	丘	B	B
47	智	M	M
47	贤	E	E
47	强	B	B
47	调	E	E
47	，	S	S
47	面	B	B
47	对	E	E
47	殖	B	B
47	民	E	E
47	压	B	B
47	迫	E	E
47	，	S	S
47	大	B	B
47	批	E	E
47	台	B	B
47	湾	E	E
47	先	B	B
47	辈	E	E
47	可	B	B
47	歌	M	E
47	可	M	B
47	泣	E	E
47	的	S	S
47	抗	B	B
47	日	E	M
47	事	B	E
47	迹	E	S
47	不	B	B
47	应	E	E
47	被	S	S
47	抹	S	B
47	灭	S	E
47	。	S	S
48	更	S	S
48	重	B	B
48	要	E	E
48	的	S	S
48	是	S	S
48	，	S	S
48	涉	B	B
48	企	E	E
48	网	B	B
48	络	E	E
48	谣	B	S
48	言	E	B
48	多	B	E
48	发	E	B
48	频	B	M
48	发	E	E
48	，	S	S
48	扰	B	B
48	乱	E	E
48	企	B	B
48	业	E	E
48	生	B	B
48	产	E	E
48	经	B	B
48	营	E	E
48	秩	B	B
48	序	E	E
48	，	S	S
48	破	B	B
48	坏	E	E
48	市	B	B
48	场	E	E
48	公	B	B
48	平	M	E
48	竞	M	B
48	争	E	E
48	环	B	B
48	境	E	E
48	，	S	S
48	影	B	B
48	响	E	E
48	经	B	B
48	济	E	E
48	预	B	B
48	期	E	E
48	和	S	S
48	发	B	B
48	展	E	E
48	信	B	B
48	心	E	E
48	。	S	S
49	李	B	B
49	华	E	E
49	说	S	S
49	，	S	S
49	短	B	B
49	期	E	M
49	来	B	E
49	看	E	S
49	，	S	S
49	个	B	B
49	税	E	E
49	的	S	S
49	首	B	B
49	要	E	E
49	职	B	B
49	能	E	E
49	是	S	S
49	通	B	B
49	过	E	E
49	差	B	B
49	异	M	M
49	化	E	E
49	扣	B	B
49	除	E	E
49	机	B	B
49	制	E	E
49	，	S	S
49	精	B	B
49	准	E	E
49	保	B	B
49	障	E	E
49	居	B	B
49	民	E	E
49	基	B	B
49	本	E	E
49	生	B	B
49	活	E	E
49	需	B	B
49	求	E	E
49	，	S	S
49	支	B	B
49	持	E	E
49	更	S	B
49	高	B	E
49	质	M	B
49	量	E	E
49	生	B	B
49	活	E	E
49	追	B	B
49	求	E	E
49	；	S	S
50	正	B	S
50	因	M	S
50	如	M	B
50	此	E	E
50	，	S	S
50	各	B	B
50	家	E	E
50	在	S	S
50	红	B	B
50	包	E	E
50	之	B	B
50	外	E	E
50	各	S	B
50	辟	S	E
50	蹊	B	B
50	径	E	E
50	：	S	S
50	有	B	S
50	的	E	S
50	将	S	S
50	A	B	B
50	I	E	E
50	嵌	B	B
50	入	E	E
50	社	B	B
50	交	E	E
50	日	B	B
50	常	E	E
50	，	S	S
50	有	B	S
50	的	E	S
50	把	S	S
50	A	B	B
50	I	E	E
50	接	B	B
50	入	E	E
50	外	B	B
50	卖	E	E
50	出	B	B
50	行	E	E
50	，	S	S
50	有	B	S
50	的	E	S
50	用	S	S
50	A	B	B
50	I	E	E
50	生	B	B
50	成	E	E
50	视	B	B
50	频	E	E
50	内	B	B
50	容	E	E
50	，	S	S
50	有	B	S
50	的	E	S
50	让	S	S
50	A	B	B
50	I	E	E
50	革	B	B
50	新	E	E
50	搜	B	B
50	索	E	E
50	体	B	B
50	验	E	E
50	。	S	S
51	在	B	S
51	外	E	S
51	打	B	B
51	工	E	E
51	的	S	S
51	群	B	B
51	众	E	E
51	牵	B	B
51	挂	E	M
51	家	B	E
51	中	E	S
51	的	S	S
51	孩	B	B
51	子	E	E
51	，	S	S
51	1	B	B
51	8	E	E
51	万	S	S
51	名	S	S
51	“	S	S
51	爱	B	B
51	心	E	E
51	妈	B	B
51	妈	E	E
51	”	S	S
51	结	B	B
51	对	E	E
51	关	B	B
51	爱	E	E
51	3	B	B
51	2	E	E
51	万	S	S
51	留	B	B
51	守	E	E
51	儿	B	B
51	童	E	E
51	；	S	S
52	农	B	B
52	户	E	E
52	担	B	B
52	心	E	E
52	，	S	S
52	受	S	B
52	多	B	E
52	重	E	B
52	因	B	M
52	素	E	E
52	影	B	B
52	响	E	E
52	，	S	S
52	美	B	B
52	国	E	E
52	粮	B	B
52	食	M	E
52	市	M	B
52	场	E	E
52	价	B	B
52	格	E	E
52	波	B	B
52	动	E	E
52	将	S	S
52	会	S	S
52	加	B	B
52	剧	E	E
52	，	S	S
52	给	S	S
52	今	B	B
52	后	E	E
52	的	S	S
52	经	B	B
52	营	E	E
52	带	B	B
52	来	E	E
52	更	B	B
52	多	E	E
52	不	B	B
52	确	M	E
52	定	M	B
52	性	E	E
52	。	S	S
53	2	B	B
53	0	M	M
53	2	M	M
53	0	E	M
53	年	S	E
53	，	S	S
53	党	S	S
53	的	S	S
53	二	B	S
53	十	E	B
53	大	S	E
53	报	B	B
53	告	E	E
53	提	B	B
53	出	E	E
53	，	S	S
53	要	S	S
53	“	S	S
53	完	B	B
53	善	E	E
53	个	B	S
53	人	M	B
53	所	M	M
53	得	M	M
53	税	E	E
53	制	B	B
53	度	E	E
53	，	S	S
53	规	B	B
53	范	E	E
53	收	B	B
53	入	E	E
53	分	B	B
53	配	E	E
53	秩	B	B
53	序	E	E
53	，	S	S
53	规	B	B
53	范	E	E
53	财	B	B
53	富	E	M
53	积	B	E
53	累	E	B
53	机	B	M
53	制	E	E
53	，	S	S
53	保	B	B
53	护	E	E
53	合	B	B
53	法	M	E
53	收	M	B
53	入	E	E
53	，	S	S
53	调	B	B
53	节	E	E
53	过	S	B
53	高	B	E
53	收	M	B
53	入	E	E
53	，	S	S
53	取	B	B
53	缔	E	M
53	非	B	E
53	法	M	B
53	收	M	M
53	入	E	E
53	”	S	S
53	；	S	S
54	岛	B	B
54	内	E	E
54	多	B	S
54	数	E	S
54	“	S	S
54	恋	S	B
54	殖	S	E
54	”	S	S
54	者	S	S
54	，	S	S
54	是	S	S
54	日	B	B
54	本	E	E
54	殖	B	B
54	民	E	E
54	时	B	B
54	代	E	E
54	的	S	S
54	既	B	B
54	得	M	E
54	利	M	B
54	益	M	E
54	者	E	S
54	，	S	S
54	但	S	S
54	赖	B	B
54	清	M	M
54	德	E	E
54	并	B	B
54	非	M	E
54	如	M	B
54	此	E	E
54	。	S	S
55	保	B	B
55	障	E	E
55	航	B	B
55	班	E	E
55	7	B	B
55	5	M	M
55	.	M	M
55	9	E	E
55	万	S	B
55	班	S	E
55	，	S	S
55	日	B	B
55	均	E	E
55	1	B	B
55	.	M	M
55	9	E	E
55	万	S	B
55	班	S	E
55	，	S	S
55	比	S	B
55	2	B	M
55	0	M	M
55	2	M	M
55	5	E	E
55	年	S	S
55	春	B	B
55	运	E	M
55	同	B	M
55	期	E	E
55	增	B	B
55	长	E	E
55	2	B	B
55	.	M	M
55	7	E	E
55	%	S	S
55	。	S	S
56	罗	B	B
56	德	M	E
56	里	M	S
56	格	M	B
56	斯	E	E
56	说	S	S
56	，	S	S
56	古	B	B
56	巴	E	E
56	愿	S	S
56	与	S	S
56	美	B	B
56	国	M	E
56	政	M	B
56	府	E	E
56	进	B	B
56	行	E	E
56	认	B	B
56	真	E	E
56	且	S	S
56	负	B	B
56	责	M	M
56	任	E	E
56	的	S	S
56	对	B	B
56	话	E	E
56	，	S	S
56	在	S	S
56	恪	B	S
56	守	E	B
56	国	B	M
56	际	M	M
56	法	E	E
56	和	S	S
56	尊	B	B
56	重	E	E
56	双	B	B
56	方	E	E
56	主	B	B
56	权	E	E
56	的	S	S
56	基	B	B
56	础	M	M
56	上	E	E
56	，	S	S
56	找	B	S
56	到	E	S
56	解	B	B
56	决	E	E
56	双	B	B
56	边	E	E
56	分	B	B
56	歧	E	E
56	的	S	S
56	办	B	B
56	法	E	E
56	。	S	S
57	这	S	B
57	一	S	E
57	状	B	B
57	况	E	M
57	可	B	E
57	以	E	S
57	通	B	B
57	过	E	E
57	加	B	B
57	强	E	E
57	资	B	B
57	本	E	E
57	收	B	B
57	入	E	E
57	税	B	B
57	收	E	E
57	征	B	B
57	管	E	E
57	及	S	S
57	完	B	B
57	善	E	E
57	综	B	B
57	合	E	E
57	所	B	B
57	得	E	E
57	征	B	B
57	收	E	E
57	（	S	S
57	包	B	B
57	括	E	E
57	境	B	B
57	外	E	E
57	所	B	B
57	得	E	E
57	的	S	S
57	收	B	B
57	入	E	E
57	征	B	B
57	管	E	E
57	）	S	S
57	来	S	S
57	改	B	B
57	善	E	E
57	，	S	S
57	但	S	S
57	整	B	B
57	体	M	E
57	而	M	B
57	言	E	E
57	，	S	S
57	资	B	B
57	本	E	E
57	税	B	B
57	制	E	E
57	的	S	S
57	改	B	B
57	革	E	E
57	仍	B	S
57	然	E	B
57	有	S	E
57	必	B	B
57	要	E	E
57	；	S	S
58	加	B	B
58	大	E	E
58	投	B	B
58	资	E	E
58	于	B	B
58	人	E	E
58	的	S	S
58	力	B	B
58	度	E	E
58	。	S	S
59	这	S	B
59	一	S	E
59	消	B	B
59	息	E	E
59	，	S	S
59	来	B	B
59	得	E	E
59	正	B	S
59	是	E	S
59	时	B	B
59	候	E	E
59	。	S	S
60	当	B	B
60	年	E	E
60	用	B	B
60	户	E	E
60	绑	S	S
60	了	S	S
60	卡	S	S
60	、	S	S
60	钱	S	B
60	在	S	E
60	微	B	B
60	信	E	E
60	里	S	S
60	，	S	S
60	迁	B	B
60	移	E	E
60	成	B	B
60	本	M	M
60	高	E	E
60	，	S	S
60	自	B	B
60	然	E	E
60	就	S	S
60	留	S	B
60	了	S	E
60	下	B	B
60	来	E	E
60	。	S	S
61	按	B	S
61	照	E	S
61	修	B	B
61	改	E	E
61	后	S	S
61	的	S	S
61	规	B	B
61	定	E	E
61	，	S	S
61	劳	B	B
61	务	E	E
61	报	B	B
61	酬	E	E
61	、	S	S
61	稿	B	B
61	酬	E	E
61	、	S	S
61	特	B	B
61	许	M	M
61	权	E	E
61	使	B	S
61	用	M	B
61	费	E	E
61	三	S	B
61	项	S	E
61	所	B	B
61	得	E	E
61	将	S	S
61	与	S	S
61	工	B	B
61	资	E	E
61	薪	B	B
61	金	E	M
61	合	B	E
61	并	E	S
61	起	B	B
61	来	E	E
61	计	B	B
61	算	E	E
61	纳	B	B
61	税	E	E
61	；	S	S
62	要	S	S
62	清	B	B
62	理	E	E
62	规	B	B
62	范	E	E
62	不	B	S
62	合	M	B
62	理	E	E
62	收	B	B
62	入	E	E
62	，	S	S
62	整	B	B
62	顿	E	E
62	收	B	B
62	入	E	E
62	分	B	B
62	配	E	E
62	秩	B	B
62	序	E	E
62	，	S	S
62	坚	B	B
62	决	E	M
62	取	B	M
62	缔	E	M
62	非	B	E
62	法	M	B
62	收	M	M
62	入	E	E
62	。	S	S
63	防	B	B
63	汛	E	E
63	“	S	S
63	1	B	B
63	2	M	M
63	6	M	M
63	2	E	E
63	”	S	S
63	机	B	B
63	制	E	E
63	与	S	S
63	“	S	S
63	云	B	B
63	汛	E	E
63	达	S	S
63	”	S	S
63	A	B	B
63	P	M	E
63	P	E	S
63	的	S	S
63	探	B	B
63	索	E	E
63	，	S	S
63	则	S	S
63	展	B	B
63	现	E	E
63	了	S	S
63	互	B	B
63	联	M	M
63	网	E	E
63	在	S	S
63	守	B	B
63	护	E	E
63	群	B	B
63	众	E	E
63	生	B	B
63	命	M	E
63	财	M	B
63	产	E	E
63	安	B	B
63	全	E	E
63	中	B	S
63	的	E	S
63	关	B	B
63	键	M	E
63	作	M	B
63	用	E	E
63	。	S	S
64	《	S	S
64	国	B	B
64	务	M	M
64	院	E	E
64	关	B	B
64	于	E	E
64	深	B	B
64	入	E	E
64	实	B	B
64	施	E	E
64	“	S	S
64	人	B	B
64	工	M	M
64	智	M	M
64	能	E	E
64	+	S	S
64	”	S	S
64	行	B	B
64	动	E	E
64	的	S	S
64	意	B	B
64	见	E	E
64	》	S	S
64	明	B	B
64	确	M	E
64	提	M	B
64	出	E	E
64	，	S	S
64	在	S	S
64	模	B	B
64	型	E	E
64	基	B	B
64	础	E	M
64	能	B	M
64	力	E	E
64	、	S	S
64	数	B	B
64	据	E	E
64	供	B	B
64	给	E	E
64	创	B	B
64	新	E	E
64	、	S	S
64	智	B	B
64	能	E	E
64	算	S	S
64	力	S	B
64	统	B	E
64	筹	E	B
64	等	S	E
64	方	B	B
64	面	E	E
64	强	B	B
64	化	E	E
64	基	B	B
64	础	E	E
64	支	B	B
64	撑	E	E
64	能	B	B
64	力	E	E
64	。	S	S
65	此	B	B
65	次	E	E
65	活	B	B
65	动	E	E
65	将	S	S
65	进	B	B
65	一	M	M
65	步	E	E
65	增	B	B
65	进	E	E
65	两	S	B
65	国	S	E
65	两	S	S
65	军	S	B
65	传	B	E
65	统	M	B
65	友	M	E
65	谊	E	S
65	，	S	S
65	密	B	B
65	切	E	E
65	两	S	B
65	军	S	E
65	各	S	B
65	层	B	E
65	级	E	S
65	人	B	B
65	员	E	E
65	交	B	B
65	往	E	E
65	互	B	B
65	信	E	E
65	，	S	S
65	深	B	B
65	化	E	E
65	双	B	B
65	方	E	M
65	务	B	M
65	实	E	E
65	合	B	B
65	作	E	E
65	，	S	S
65	提	B	B
65	升	E	E
65	共	B	B
65	同	E	E
65	维	B	B
65	护	E	E
65	边	B	B
65	境	E	E
65	和	S	S
65	相	B	B
65	关	E	E
65	海	B	B
65	域	E	E
65	安	B	B
65	全	E	E
65	能	B	B
65	力	E	E
65	。	S	S
66	另	B	B
66	一	M	E
66	方	M	B
66	面	E	E
66	，	S	S
66	为	S	S
66	促	B	B
66	进	E	E
66	消	B	B
66	费	E	E
66	、	S	S
66	优	B	B
66	化	E	E
66	经	B	B
66	济	M	E
66	发	M	B
66	展	E	E
66	结	B	B
66	构	E	E
66	，	S	S
66	调	B	B
66	整	E	E
66	个	B	B
66	税	E	E
66	扣	B	B
66	除	M	M
66	额	E	E
66	也	S	S
66	有	S	B
66	相	B	E
66	当	E	S
66	的	S	S
66	合	B	B
66	理	M	M
66	性	E	E
66	，	S	S
66	因	B	B
66	此	E	E
66	个	B	S
66	税	E	B
66	收	B	M
66	入	E	M
66	长	B	E
66	期	E	B
66	来	B	E
66	看	E	S
66	不	B	B
66	会	E	E
66	成	B	B
66	为	E	E
66	财	B	B
66	政	M	M
66	收	M	M
66	入	E	E
66	的	S	S
66	最	B	B
66	大	E	E
66	来	B	B
66	源	E	E
66	。	S	S
67	同	B	B
67	时	E	E
67	以	S	S
67	精	B	B
67	准	E	M
67	化	S	E
67	的	S	S
67	税	B	B
67	制	E	E
67	涉	B	B
67	及	E	E
67	支	B	B
67	持	E	E
67	国	B	B
67	家	E	E
67	经	B	B
67	济	M	E
67	发	M	B
67	展	E	E
67	和	S	S
67	重	B	B
67	大	E	E
67	社	B	B
67	会	E	E
67	目	B	B
67	标	E	E
67	（	S	S
67	生	B	B
67	育	E	E
67	、	S	S
67	养	B	B
67	老	E	E
67	、	S	S
67	住	B	B
67	房	E	E
67	）	S	S
67	等	S	S
67	，	S	S
67	最	B	B
67	终	E	E
67	推	B	B
67	动	E	E
67	橄	B	S
67	榄	M	B
67	型	E	E
67	收	B	B
67	入	E	E
67	分	B	B
67	配	E	E
67	格	B	B
67	局	E	E
67	的	S	S
67	形	B	B
67	成	E	E
67	。	S	S
68	2	B	B
68	0	M	E
68	2	M	B
68	6	E	E
68	年	S	S
68	春	B	B
68	运	E	E
68	3	B	B
68	月	E	E
68	1	B	B
68	3	E	E
68	日	S	S
68	收	B	B
68	官	E	E
68	。	S	S
69	我	B	B
69	们	E	E
69	的	S	S
69	处	B	B
69	境	E	E
69	将	S	S
69	非	B	S
69	常	E	B
69	糟	B	M
69	糕	E	E
69	。	S	S
70	“	S	S
70	听	B	B
70	到	E	E
70	赖	B	B
70	清	M	M
70	德	E	E
70	这	B	B
70	种	E	E
70	冷	B	S
70	血	E	S
70	评	B	B
70	论	E	E
70	感	B	B
70	到	E	E
70	伤	B	B
70	心	E	E
70	和	S	S
70	愤	B	B
70	怒	E	E
70	。	S	S
71	三	S	S
71	是	S	S
71	配	B	B
71	合	E	E
71	未	B	B
71	来	E	E
71	可	B	B
71	能	E	E
71	出	B	B
71	台	E	E
71	的	S	S
71	退	B	B
71	出	E	E
71	籍	S	B
71	税	S	E
71	、	S	S
71	遗	B	B
71	产	M	M
71	税	E	E
71	等	S	S
71	制	B	B
71	度	E	E
71	，	S	S
71	构	B	B
71	建	E	E
71	完	B	B
71	善	E	E
71	的	S	S
71	个	B	B
71	人	M	M
71	所	M	M
71	得	M	M
71	税	E	E
71	征	B	B
71	管	E	E
71	体	B	B
71	系	E	E
71	。	S	S
72	一	S	B
72	位	S	E
72	年	S	B
72	入	S	E
72	百	B	B
72	万	E	E
72	的	S	S
72	自	S	S
72	媒	B	B
72	体	E	E
72	从	B	S
72	业	M	B
72	者	E	E
72	对	S	S
72	经	B	B
72	济	E	E
72	观	B	B
72	察	M	M
72	报	E	E
72	表	B	B
72	示	E	E
72	，	S	S
72	此	B	B
72	前	E	E
72	，	S	S
72	每	B	S
72	年	E	S
72	个	B	B
72	税	E	E
72	缴	B	B
72	纳	E	E
72	都	S	S
72	是	S	S
72	由	S	S
72	他	S	B
72	报	S	E
72	一	B	B
72	个	E	E
72	收	B	B
72	入	E	E
72	总	B	B
72	数	E	M
72	给	S	E
72	互	B	B
72	联	M	E
72	网	E	B
72	平	B	E
72	台	E	B
72	公	B	M
72	司	E	E
72	，	S	S
72	再	S	S
72	由	S	S
72	平	B	B
72	台	E	E
72	公	B	B
72	司	E	E
72	报	S	B
72	给	S	E
72	税	B	B
72	务	E	E
72	部	B	B
72	门	E	E
72	。	S	S
73	他	B	B
73	们	E	E
73	说	S	S
73	：	S	S
73	“	S	S
73	如	B	B
73	果	E	E
73	这	B	B
73	种	E	E
73	情	B	B
73	况	E	E
73	持	B	B
73	续	E	E
73	下	B	B
73	去	E	E
73	，	S	S
73	将	S	S
73	会	S	B
73	对	S	E
73	经	B	B
73	济	E	E
73	造	B	B
73	成	E	E
73	巨	B	B
73	大	E	M
73	压	B	M
73	力	E	E
73	。	S	S
74	潘	B	B
74	功	M	M
74	胜	E	E
74	指	B	B
74	出	E	E
74	，	S	S
74	按	B	S
74	照	E	B
74	国	B	M
74	际	M	E
74	货	M	B
74	币	M	E
74	基	M	B
74	金	M	E
74	组	M	B
74	织	E	E
74	的	S	S
74	分	B	B
74	类	E	E
74	标	B	B
74	准	E	E
74	，	S	S
74	中	B	B
74	国	E	E
74	实	B	B
74	行	E	E
74	有	S	S
74	管	B	B
74	理	E	E
74	的	S	S
74	浮	B	B
74	动	M	E
74	汇	M	B
74	率	E	E
74	制	B	B
74	度	E	E
74	。	S	S
75	在	S	S
75	针	B	B
75	对	E	E
75	委	B	B
75	内	M	E
75	瑞	M	B
75	拉	E	E
75	、	S	S
75	伊	B	B
75	朗	E	E
75	的	S	S
75	军	B	B
75	事	M	E
75	行	M	B
75	动	E	E
75	中	S	S
75	，	S	S
75	美	B	B
75	军	E	E
75	都	S	S
75	大	B	B
75	量	E	E
75	使	B	B
75	用	E	E
75	人	B	B
75	工	M	M
75	智	M	M
75	能	E	E
75	工	B	B
75	具	E	E
75	，	S	S
75	引	B	B
75	发	E	E
75	对	S	S
75	战	B	B
75	争	E	E
75	伦	B	B
75	理	E	E
75	与	S	S
75	军	B	B
75	事	E	E
75	技	B	B
75	术	E	E
75	应	B	B
75	用	E	E
75	边	B	B
75	界	E	E
75	的	S	S
75	深	B	B
75	刻	E	E
75	担	B	B
75	忧	E	E
75	。	S	S
76	稳	B	B
76	步	E	E
76	扩	B	B
76	大	E	E
76	中	B	S
76	等	E	S
76	收	B	B
76	入	E	E
76	群	B	B
76	体	E	E
76	规	B	B
76	模	E	E
76	，	S	S
76	推	B	B
76	动	E	E
76	形	B	B
76	成	E	E
76	中	B	B
76	间	E	E
76	大	S	S
76	、	S	S
76	两	B	B
76	头	E	M
76	小	S	E
76	的	S	S
76	橄	B	S
76	榄	M	B
76	型	E	E
76	分	B	B
76	配	E	E
76	格	B	B
76	局	E	E
76	，	S	S
76	是	S	S
76	实	B	B
76	现	E	E
76	共	B	B
76	同	M	M
76	富	M	M
76	裕	E	E
76	的	S	S
76	有	B	B
76	效	E	E
76	路	B	B
76	径	E	E
76	。	S	S
77	着	B	B
77	眼	E	E
77	未	B	B
77	来	E	E
77	，	S	S
77	要	S	S
77	持	B	B
77	续	E	E
77	深	B	B
77	化	E	E
77	收	B	B
77	入	E	E
77	分	B	B
77	配	M	E
77	制	M	B
77	度	E	E
77	改	B	B
77	革	E	E
77	，	S	S
77	在	S	S
77	切	S	B
77	好	S	E
77	分	B	B
77	好	E	E
77	“	S	S
77	蛋	B	B
77	糕	E	E
77	”	S	S
77	上	S	B
77	取	B	M
77	得	E	E
77	新	S	S
77	成	B	B
77	效	E	E
77	。	S	S
